{
  "morevillagers:root": {
    "criteria": {
      "always": "2025-01-10 17:12:51 +0000"
    },
    "done": true
  },
  "dmr:main": {
    "criteria": {
      "unlock_right_away": "2025-01-10 17:12:51 +0000"
    },
    "done": true
  },
  "biomeswevegone:biomeswevegone/root": {
    "criteria": {
      "tick": "2025-01-10 17:12:51 +0000"
    },
    "done": true
  },
  "repurposed_structures:root": {
    "criteria": {
      "always": "2025-01-10 17:12:51 +0000"
    },
    "done": true
  },
  "morevillagers:first_village": {
    "criteria": {
      "entered_village": "2025-01-10 17:12:52 +0000"
    },
    "done": true
  },
  "minecraft:recipes/decorations/crafting_table": {
    "criteria": {
      "unlock_right_away": "2025-01-10 17:12:51 +0000"
    },
    "done": true
  },
  "adorabuild_structures:overworld_structures": {
    "criteria": {
      "always": "2025-01-10 17:12:51 +0000"
    },
    "done": true
  },
  "biomeswevegone:biomeswevegone/adventure/root": {
    "criteria": {
      "biomeswevegone:rugged_badlands": "2025-01-10 17:13:35 +0000"
    },
    "done": true
  },
  "betterdungeons:root": {
    "criteria": {
      "always": "2025-01-10 17:12:51 +0000"
    },
    "done": true
  },
  "biomeswevegone:biomeswevegone/adventure/oh_the_biomes_weve_gone": {
    "criteria": {
      "biomeswevegone:rugged_badlands": "2025-01-10 17:13:35 +0000"
    },
    "done": false
  },
  "morevillagers:all_villages": {
    "criteria": {
      "taiga": "2025-01-10 17:12:52 +0000",
      "plains": "2025-01-10 17:12:52 +0000",
      "savanna": "2025-01-10 17:12:52 +0000",
      "desert": "2025-01-10 17:12:52 +0000",
      "snowy": "2025-01-10 17:12:52 +0000"
    },
    "done": true
  },
  "minecraft:adventure/adventuring_time": {
    "criteria": {
      "minecraft:desert": "2025-01-10 17:12:52 +0000"
    },
    "done": false
  },
  "DataVersion": 3955
}